Precision,Recall,F1
0.7919943503004663,0.79414139084304,0.7905014860295718
