Precision,Recall,F1
0.7642320528344709,0.7655403067696921,0.762953721824578
